x,y,r,0,1,2,3
109,294,1.0273269008381407,299,69,114,472
281,107,0.9651993769546848,473,281,69,100
125,476,1.4156733658884273,75,76,431,430
147,484,-1.424154873256386,439,407,67,98
317,314,-2.5447915754665433,323,319,282,285
449,413,-0.6227218783605233,124,169,235,447
474,257,1.2825033482094155,267,442,216,79
441,220,-2.313883278619414,231,148,161,488
434,412,0.4526165317530197,129,153,427,265
426,419,1.9796611701779891,143,410,312,135
427,204,-2.303676507859443,207,165,184,507
244,206,3.085360728365693,194,156,306,345
254,221,0.18013974122899762,301,334,207,174
294,235,2.2053842264470163,391,303,230,318
452,134,-0.5389308754559404,114,191,468,98
229,162,-2.3019051468610576,150,168,481,240
450,148,1.8338329073294737,416,377,101,104
471,294,-0.5344692159339193,92,155,489,284
134,385,2.3913327792521626,115,123,491,226
288,121,-1.7139245182248477,72,265,433,240
487,230,-2.0845754258394167,207,72,128,502
295,325,2.4271237687672786,324,364,338,298
164,335,0.39357970415643495,418,233,123,309
185,361,-2.876333481662009,140,322,378,196
445,173,-2.9505100856758846,402,125,107,384
423,396,0.8693763332769149,197,239,453,166
400,220,0.9320302296424271,252,436,212,187
440,390,3.098518415703646,390,340,110,160
286,157,-1.626937009855571,107,264,394,236
292,452,-1.8785137348648506,422,271,103,254
476,253,0.15801414101697164,75,301,431,206
376,216,0.02426545680321264,174,334,326,166
160,383,1.8352779941640902,173,114,345,404
497,353,-2.566369351842838,533,97,63,235
432,162,1.4481503841499124,391,385,113,119
456,240,-3.064291045693507,407,191,94,311
212,134,2.9513331942605285,165,86,344,424
125,403,2.58012027254708,89,141,502,174
250,290,-2.8177788627806044,211,253,316,274
135,461,1.051250963022772,103,98,171,478
162,215,2.5311902535600224,137,195,288,409
261,385,0.050839577973688356,289,165,211,335
387,192,2.786091156914567,359,151,174,382
214,243,1.8146224461585383,316,169,199,346
190,145,0.2692101551726068,373,420,145,99
257,319,0.7435012429416997,341,306,281,365
102,380,-1.049195911666616,381,341,104,60
119,210,-0.6427432755118471,267,425,86,115
125,271,-2.2601521512183713,118,347,362,97
281,400,-1.7136807534970304,354,272,152,233
345,436,2.43988998244192,177,457,268,149
340,454,0.39107550584688855,227,104,314,437
431,189,-2.316505840662998,189,162,175,519
217,150,-2.8604847723390545,174,104,347,416
325,142,-0.9899908089480388,110,269,488,168
300,322,1.2409995879607896,241,264,287,264
386,222,0.11727193816948024,165,330,338,173
218,106,-0.6096399345057097,98,542,205,68
454,304,-1.9068084050428176,269,102,261,428
226,162,-1.600267499059605,112,324,388,176
415,407,1.759624095356636,146,372,363,137
145,143,-2.9103768056183674,98,96,416,415
189,191,-2.4030083497526706,188,191,488,206
419,138,-0.913024194094364,111,166,521,144
124,141,0.10739588871977798,428,411,74,92
215,221,1.0815723772874988,373,187,194,364
261,348,1.5838297323811112,202,211,298,289
151,228,-1.7892910563689275,182,409,330,103
434,356,2.1241908406991814,228,451,221,136
403,122,1.793567969517009,439,326,74,151
213,398,0.8799769554415414,197,211,256,437
323,239,2.9525564880524477,278,192,231,317
184,445,-2.1858259764038266,232,448,129,164
455,185,-0.9061206972946374,154,121,464,219
105,359,-0.5401140952146938,519,223,64,107
500,441,-0.1681860153484675,51,111,456,397
415,487,2.1161480380704916,74,427,260,121
208,209,0.5384539518610966,398,308,184,185
183,489,1.8456223564125585,63,138,456,225
153,154,-0.8722986097328694,136,518,160,134
246,120,-0.4146025865342242,174,470,214,76
339,370,-1.0876735530110264,361,238,203,326
460,140,-2.142258630902115,107,107,166,487
219,322,1.8263603592521038,236,175,281,342
446,209,1.9678688194417204,370,411,172,113
380,410,-2.6150432162234103,382,338,197,162
116,127,-0.8428620818613638,103,581,99,88
241,184,1.8154335457565371,377,197,138,318
455,239,-1.9308888768803179,202,102,270,433
124,437,-1.7046367593904423,390,430,114,75
443,312,-2.249152914052844,336,137,171,379
270,422,1.8079359464264135,132,226,383,288
312,473,-0.05421554088653671,238,77,262,424
461,377,-2.5833420217663807,485,168,105,204
492,251,0.9667795655021717,102,526,244,70
467,467,-2.6554956634748472,472,178,94,94
161,111,3.0359308035453494,112,61,391,441
361,113,-1.4098872906431121,64,191,443,315
348,302,-3.0314230856158413,300,254,203,250
164,163,0.3280041349965005,408,354,120,119
420,264,-2.1216072896604667,251,153,248,434
350,248,-0.8418087021691107,265,268,405,297
102,259,2.774487384598118,56,145,480,312
332,190,-2.385019382511082,204,193,300,411
307,293,-0.6113284283891671,297,314,314,297
360,493,-1.5152684735056776,444,190,57,310
288,343,2.3110420136622696,280,322,388,307
465,323,-0.5923488525097077,102,152,407,329
492,321,2.48191053020686,374,343,73,95
384,374,-0.4964530902360483,189,200,370,368
439,392,-1.8661111999442257,357,116,165,407
174,195,-0.893342948429577,186,483,198,159
499,473,2.1974919495509533,95,554,87,63
210,448,2.930758874637843,164,407,348,104
289,401,-1.928617543660295,375,279,159,255
206,410,1.516865632043524,140,156,361,345
470,211,2.0569212523895715,383,345,171,90
352,132,0.011657344139830318,198,418,302,82
281,265,0.5575292363222486,317,336,272,253
432,182,2.8112434836536275,404,140,125,364
450,210,1.4923387806725439,341,401,160,100
403,234,-2.0688416975434296,209,167,308,402
486,195,0.8428955466619059,96,534,194,86
135,358,0.5869111788270014,347,153,102,370
144,191,-2.719619219309675,103,155,445,230
287,417,1.5718238443401358,133,237,367,263
359,355,-2.6702111577662406,347,342,214,219
500,411,2.704961784476619,329,398,55,118
173,197,-1.564867768343168,147,377,353,123
489,192,1.373843682792738,312,448,145,62
387,349,0.5807520194725875,195,240,403,297
304,289,2.624822590426681,292,275,283,300
410,479,0.5736476742239937,131,85,429,258
398,482,-3.047552905417803,350,434,153,68
171,435,1.5343829098349215,115,121,385,379
110,408,-1.9050350244669758,183,466,150,64
111,228,3.1155779500135448,61,178,439,322
352,476,1.173830461943207,80,191,462,215
493,470,1.648448683690305,80,444,421,57
414,335,-1.5162356547475908,285,136,215,365
215,149,0.3333572157294464,355,424,175,105
441,132,2.7536578802187996,422,89,118,288
448,481,-0.3699830149323629,109,74,191,462
245,294,-1.9566795945026023,263,329,276,210
206,245,-1.6249065557419036,195,345,305,156
226,123,0.47995352081969356,365,381,158,82
200,371,-1.516612111295863,321,351,179,150
348,263,-2.8573630470361797,310,222,210,299
209,121,2.75612994610106,172,77,189,463
341,458,1.0746717783172564,105,193,464,238
344,257,3.085509860794754,294,207,206,293
376,242,-0.2810336058530861,181,321,339,200
228,362,2.849032414170463,186,326,336,196
153,450,2.063344356196296,113,117,454,211
160,106,0.3190733474017678,411,351,116,59
341,115,2.2670461612462605,454,101,85,272
437,471,2.156615202019052,95,464,204,136
271,258,-2.6540880300304472,250,235,316,331
332,256,1.9057364418389853,311,299,218,231
304,261,2.5139213113514844,314,261,304,357
188,210,2.488638989296069,174,201,263,428
149,330,-2.6560015467809186,112,317,453,212
473,265,2.1593520231749403,343,387,139,93
321,400,-1.190967546973211,377,247,162,292
335,485,1.615628339595292,65,285,435,215
404,249,-1.982019152290937,217,159,328,386
191,373,-1.2965008801279512,336,373,184,146
197,332,-2.129782696763005,277,416,257,173
485,144,0.3035927111953577,68,425,314,99
259,313,1.2098041285579817,253,223,281,311
234,180,0.657759832347598,399,301,213,164
484,321,0.0348144377542391,66,229,434,271
107,117,0.044178531142925255,443,433,57,67
266,301,-1.2745764149664864,262,297,260,226
475,416,-1.492694530986557,367,75,134,426
149,374,-2.0659315182701974,208,456,200,113
346,315,-1.5382525087616137,265,204,235,296
498,407,-0.12121445427710059,52,144,451,360
127,263,-2.8895989101383286,80,220,437,296
454,130,-1.2518873719580945,84,101,442,255
321,392,-1.8393492374823939,355,238,164,281
431,215,2.1661865718139945,405,294,199,144
399,392,-0.29904507101956607,158,165,365,358
494,103,2.3392311153821788,622,76,74,78
462,257,0.017225618497508456,88,293,412,207
352,222,0.9906278656241,361,361,206,237
243,409,2.356804433877802,200,273,434,199
434,216,-1.6239640575643952,166,116,334,385
258,146,-0.5655080597751748,179,478,246,114
365,481,2.6626077652599047,150,486,208,78
387,220,-1.8527884807511776,177,170,344,351
314,129,0.3212430790946408,249,444,250,83
480,300,-1.2597636981337812,229,74,263,452
399,171,1.6162415723099652,379,349,121,151
394,302,1.7715071379233485,253,351,257,159
272,151,-2.1033652943742585,117,199,463,258
383,386,-2.5966380416531436,389,322,195,192
463,227,1.7229818955216087,327,418,179,88
270,219,1.6274446336068742,332,220,169,280
278,444,0.7515565706956111,155,145,312,398
239,159,1.6173153640829463,391,189,109,311
444,221,0.49158814672644163,120,373,362,194
462,245,1.7819616253579669,312,421,199,90
144,169,2.8364802641005356,99,125,396,399
134,419,-3.055573621073437,84,370,418,131
347,393,1.4772747860198645,158,298,345,204
358,144,-2.940217721006047,314,96,196,414
436,251,-1.168161830982233,218,124,325,420
404,358,-2.4746185118993416,451,236,186,244
422,460,-1.6840118872441516,413,129,91,374
309,178,0.9284870599853501,402,323,160,214
413,231,-1.0374099116780338,210,159,370,356
367,263,3.078103570505409,318,213,183,288
447,388,-2.854740688155148,414,352,107,169
401,457,-2.160875258026378,490,179,112,167
193,412,-2.403227074796569,193,489,205,187
476,131,0.3144095166024915,78,441,262,85
123,308,-1.3400014769630186,265,439,249,75
274,376,1.9210248563446817,185,238,347,294
476,329,-2.772010278090259,457,205,79,237
330,351,-1.5083093581718834,302,220,199,281
424,278,2.290380484741722,362,346,191,168
171,252,1.1457420944061325,327,133,222,416
193,244,-1.7052328221279738,196,360,309,144
225,104,1.1144260706252236,497,195,60,123
115,473,-0.38117661273543985,469,83,70,175
262,260,-1.0768604687858827,239,327,329,241
426,379,-1.250962177981936,347,131,180,396
415,152,0.2374118838452611,139,409,376,105
299,350,-2.0494426466392106,338,283,225,281
306,143,-2.6195479045110432,187,107,281,470
490,170,2.5785531657814573,520,142,71,112
494,275,2.8904350272441666,458,232,58,225
485,298,0.9206526636855038,107,416,312,82
370,495,0.6631477264917065,89,70,406,292
358,410,-1.253001686887758,379,202,147,324
407,367,-1.4041001818500694,321,145,186,362
290,358,0.3636825556648213,278,205,257,330
232,464,-3.083105105519478,182,415,319,86
204,317,-1.4679771488717694,268,348,234,155
347,487,-2.0716024662319446,498,231,72,131
409,412,-2.081965085871406,415,162,158,282
470,390,-2.7973227978788704,446,237,85,170
418,314,2.1301519905230717,278,434,249,156
417,198,2.9394931868103003,375,151,136,359
469,158,2.9082371738599626,431,111,83,350
219,119,0.6076258841708555,403,296,121,84
340,111,-1.7459677682399035,62,213,446,295
259,343,-1.9316240023005693,313,311,221,223
254,375,-1.6991858894726986,328,298,176,206
219,243,1.5326155626214986,307,169,193,331
454,319,2.2890326735449835,307,409,146,127
401,485,-1.916408208609922,462,158,69,192
310,107,-2.8375866657697326,190,60,252,464
264,381,-0.30417054025701346,300,177,224,347
118,223,2.1074803949244165,133,79,201,503
422,464,-2.4264312702898945,493,195,131,114
200,440,-0.7328058412301542,471,148,164,224
154,314,-2.8426938399751065,109,276,414,247
272,489,-0.7285164147989385,373,82,92,333
148,330,-1.3572138053029885,287,411,225,100
472,480,2.4250956682983134,107,570,103,93
251,182,-0.31943780143338285,315,388,212,139
213,305,0.3761702100324716,362,263,175,274
226,413,2.7020068220178195,194,401,358,151
139,490,1.578312364651591,60,89,440,411
385,485,-2.2256065919002825,548,208,82,107
417,124,0.793558237825406,190,515,104,106
190,117,-2.678341812558991,150,75,402,313
395,351,-0.3302443139978805,164,210,365,318
219,348,-1.364686044489318,304,338,206,173
186,149,1.8093836522516429,413,140,102,375
291,217,-2.810005247429882,255,177,274,352
276,499,-0.22363547192929722,281,52,230,460
202,120,0.17086604582493214,353,436,154,71
440,184,2.6026012910119363,454,156,128,214
287,156,1.0775608574671782,447,269,120,224
179,413,-2.204392105895094,218,460,170,160
450,180,-0.6726399436194279,128,160,511,166
499,393,-0.6339495420640828,63,86,265,426
316,130,2.9821282237218796,269,81,237,425
100,152,2.763063764193668,54,110,276,428
402,457,2.166263635115949,112,425,264,166
440,307,-0.9711233714570543,195,133,294,455
415,215,1.7473106109164187,340,371,168,137
190,211,-1.1445494029800254,177,395,339,154
142,393,1.493006321752086,157,92,344,409
242,490,-0.3237291042692204,325,63,189,464
458,385,3.0284190463615355,411,337,93,166
500,216,-2.786875348612956,478,144,53,356
467,377,-1.915553011634431,347,88,184,443
381,441,-1.5265791208159114,391,169,109,331
447,289,2.9104304822361677,408,246,106,268
155,217,2.8228901449381802,111,176,416,351
199,396,0.36551533551607623,376,165,160,370
254,364,-2.128578544453137,370,349,219,240
248,210,2.617271947426713,229,185,320,393
444,104,-2.374735597658489,78,75,147,568
305,495,1.3362414939312388,57,237,458,252
444,132,-2.6013336042657658,159,96,124,487
100,243,3.030338802104191,50,194,453,309
210,283,-1.1822079259227847,252,367,289,173
162,259,0.6196908467684393,477,193,138,257
159,160,0.9575845696239017,477,133,135,191
173,441,1.4193309198560284,110,124,396,381
194,382,-2.6549339617186143,163,376,359,190
137,374,1.6981902326088556,177,88,327,416
157,360,2.847989499593075,112,324,411,198
260,490,-1.910667596140131,467,308,64,180
320,159,2.3197237192332087,397,160,149,314
271,400,0.6928942460080197,235,195,287,437
377,244,-2.085083423580376,223,199,351,376
323,315,0.9609891020206092,287,333,323,277
414,303,0.9388292581762546,230,418,314,169
124,300,0.3904885201013062,461,194,80,270
138,379,0.6078021062852624,299,154,107,401
100,107,-1.1164365989858513,63,501,114,56
180,275,0.9258393950958694,344,163,216,374
500,474,-2.9749793138158718,456,301,51,77
177,423,1.557912950516226,127,127,373,373
278,127,2.4856221207007105,288,97,126,446
332,331,-2.9452230771127725,288,287,222,223
354,209,0.91068414753527,320,385,201,248
151,346,-0.08556835572842164,400,205,101,297
462,104,0.8455108566296347,133,551,72,81
105,330,1.9752519666107662,140,60,305,484
176,457,2.0146508667977607,103,140,451,217
152,122,1.1246915901740622,474,113,80,167
258,174,-2.2202375638743446,156,205,472,261
463,350,-0.42372899615634346,95,212,453,329
462,361,0.5737748203785188,105,225,491,162
492,173,1.2342958566526718,176,468,130,61
318,299,3.084775832212978,268,249,232,251
500,377,2.7018898576945123,406,361,55,117
318,298,1.300589968135516,261,278,257,241
156,310,2.95245342907282,108,265,401,244
175,178,0.28104286278502844,390,387,130,133
179,213,1.3776616634436565,343,131,166,378
182,218,-0.5312932239774434,332,385,153,195
173,440,2.6697835968282915,138,271,423,123
157,233,-0.65796679668495,299,401,135,175
188,489,2.9604407315747,140,446,368,62
270,430,1.9204858698326237,128,234,404,298
164,213,-2.015804635188655,181,379,373,126
366,197,-0.8046842295179857,204,255,456,212
428,496,-2.30383649651416,565,164,73,81
197,201,-1.9542064160613395,163,381,376,159
346,251,1.0022778025539338,355,351,239,242
496,116,2.611062095473768,517,77,63,107
124,384,-0.7303580165041943,501,223,99,111
190,353,0.9302557365331596,246,175,234,449
331,100,0.44853588577972076,243,499,115,55
465,382,-0.8355653543769256,127,115,227,495
294,174,2.900562334471747,251,128,264,387
256,170,-2.310464126782088,162,178,436,279
339,311,0.8387154483164692,316,358,351,284
492,451,1.112188228239234,110,224,447,65
183,118,0.19702466707327926,374,441,136,69
286,176,-2.5488421385993956,226,152,318,422
377,469,-2.308432332808278,486,234,109,120
285,148,-1.508854967446298,98,266,403,235
365,473,-2.013291303338271,468,205,85,180
307,231,0.9146452570515929,398,324,228,297
307,291,-1.5267890528170542,241,243,259,257
114,288,1.0121478772391597,309,75,121,449
478,290,1.704420005319614,262,432,242,73
153,466,-0.1703819264078618,403,85,105,422
385,121,1.4309156706189818,433,338,72,167
431,192,-1.0974759628283444,160,134,402,312
375,462,-2.2335448870683656,523,222,112,143
112,313,0.05088414123593226,439,237,62,263
351,384,2.689875344480565,335,371,221,185
390,373,1.071833905888891,202,370,368,182
262,253,2.1934455397353623,364,261,250,355
379,337,-2.658614533412042,371,324,193,241
297,295,-2.5508198790952474,297,295,305,307
244,103,1.8835060181506875,470,172,56,322
180,412,2.8587555912845755,135,377,385,144
248,290,2.344994081352311,283,277,336,372
167,362,2.42556737440208,155,178,475,249
388,429,2.335889312614386,168,469,234,175
145,222,0.24240214013154104,417,338,98,177
344,115,-0.09459764452892697,207,437,295,65
310,172,-2.3763385855046595,176,169,333,375
116,140,-0.7170052007222172,137,544,88,100
159,106,-0.8100280144410263,77,540,158,81
156,219,-2.0916966930017007,195,340,382,122
354,216,1.8375229351968694,346,315,172,203
485,191,-2.426757405927917,215,99,86,475
112,423,0.9798434433535436,153,75,111,527
271,321,0.6764894129281751,358,294,283,348
114,120,1.177396112660561,466,69,76,183
496,252,-2.9613369024270177,453,205,55,303
425,263,0.9839670097584684,226,450,256,150
433,406,-1.5056334540841807,357,117,144,384
162,151,2.2341553229345226,182,142,128,492
317,319,1.9216442729246483,246,284,286,248
296,392,0.8293331144861832,214,234,364,344
436,143,-1.4479631977903762,94,115,410,389
484,496,2.2652275709404677,70,565,103,84
307,313,1.1156741541485824,264,286,293,271
380,144,2.9638645374101094,335,96,173,412
255,282,-2.8317728758664655,215,244,310,281
432,297,0.843642116657296,178,381,331,158
441,395,1.0240446959915124,181,298,404,128
207,115,2.8233206175691,165,68,208,458
333,226,0.4180619682033932,237,355,310,193
199,163,0.22083997125552005,360,397,153,116
354,355,0.6843573309223624,253,252,392,310
485,265,0.2339103584463523,67,293,447,221
377,204,-1.0558951238835117,177,199,398,313
260,445,-0.7622842075990754,401,145,152,304
270,185,-1.8114085458032396,139,288,376,227
257,118,1.736153589149998,438,210,69,297
349,186,-1.0565211647925605,156,231,418,276
173,382,2.4061086463426165,166,183,495,227
253,412,0.7691195309198814,198,192,283,427
357,344,1.1612322857089346,225,335,321,210
246,422,-2.1105572004002897,381,354,149,228
284,223,-2.4409668614405766,268,226,348,363
293,216,3.131234049149068,243,166,257,334
366,324,-0.41742082030519123,201,247,346,300
147,362,0.8411448787568381,252,130,146,468
117,246,1.5644159933341206,304,67,196,433
120,330,2.1024720267128165,138,81,325,434
326,168,1.4030169156042698,387,280,120,227
356,100,1.32980233445307,463,315,51,200
281,406,2.451780292509953,226,363,349,187
192,169,-1.9769218627265286,130,301,415,155
118,425,2.6765447565114093,76,152,483,140
446,252,2.587756983946171,466,238,122,198
251,442,0.3909184373260855,283,117,217,424
221,164,-1.6016430742037415,114,329,386,171
476,139,0.1277164084976927,75,414,429,90
248,139,1.3451402773542127,422,203,91,310
471,164,-0.8836514508368837,125,102,499,180
473,148,-1.7574289047138367,100,78,409,430
397,437,-1.1262471499250513,356,169,125,384
401,154,3.098501901903731,351,104,149,396
138,409,-2.4951886683614175,110,450,234,146
300,184,1.8065113063143035,376,257,138,257
499,135,0.8648077744888325,79,590,112,67
440,322,1.4243862139868706,230,394,275,111
401,134,-0.17561173113008022,151,422,356,85
194,170,-2.488268544965937,181,151,448,237
265,302,2.342407260148165,308,300,352,356
160,322,-0.824365365082482,371,336,162,150
406,219,0.4966236224525532,164,376,355,192
488,343,2.1359493044284266,245,519,116,73
287,147,0.4816583362434661,297,455,209,109
360,168,-1.835614001812845,122,197,396,321
107,321,-1.5979188759260288,271,443,229,57
478,216,-0.8628327506368507,111,95,440,255
131,140,-0.7310941142341929,135,551,109,121
161,375,2.968421560474256,113,330,395,178
238,322,-1.6343230688710995,273,313,228,188
442,185,0.9752311278194556,193,474,163,130
500,370,0.5385383725592916,58,210,524,97
140,471,2.682299657844869,100,203,457,88
483,383,-1.0621119131494452,138,77,191,496
237,377,-2.6542073054248956,212,370,354,196
348,268,2.5952869649699126,349,255,236,330
325,387,2.4921404619863905,270,423,283,205
144,177,-1.1417363479949785,140,446,226,103
371,276,-0.136097217655387,181,277,324,228
126,437,-1.8621248755548894,265,443,118,79
305,229,-2.441506354560951,278,234,320,396
333,104,-1.3832141685746804,55,221,454,288
335,497,-1.8342528157408309,463,223,55,204
134,437,1.7476343702523993,115,85,393,423
279,236,-2.5518885494672987,276,224,326,378
363,153,-0.03462655774963043,187,397,313,103
384,432,-2.6024890307274404,389,323,193,138
415,294,1.5540119261554162,256,365,244,135
458,362,2.3692773566657865,269,436,128,132
279,383,-1.81634405947739,343,279,172,236
338,217,-1.195424091619359,179,228,358,310
374,211,-1.8978288112667423,170,186,358,342
168,279,-2.315592836358761,174,338,369,160
233,165,-1.586831149199921,115,317,385,183
271,488,-0.4814570875559351,315,70,134,477
290,416,0.010489852058909909,260,134,240,366
181,355,2.6848706391209816,146,297,411,217
155,122,-2.8009598866130876,111,76,419,314
404,132,-1.4151723682573956,83,148,423,358
125,299,0.10560140396188802,427,252,75,250
191,136,2.4876593891103376,178,108,141,522
476,113,2.8712362999125123,442,65,77,277
394,123,-1.257151970927041,77,164,449,237
127,167,1.2737756062330696,401,81,122,400
277,139,-1.4247824461001084,90,276,415,229
397,212,1.6393540418096275,339,348,162,153
217,484,-2.539220633204127,203,527,116,80
135,361,2.7543396192798086,92,225,448,204
120,182,-2.1059038271683828,137,259,428,81
149,337,-2.3731995381807716,138,399,306,142
383,320,-1.3307507107288141,278,172,237,343
155,375,0.8340309148973045,236,142,156,484
257,396,1.6883528559535184,155,208,348,295
285,246,-1.7183482602913456,198,268,307,238
215,237,-0.6559179856277223,307,395,208,236
264,413,-0.39897674339876904,310,149,232,394
456,127,2.723327310762037,444,84,103,231
151,177,1.9480516544088549,274,109,137,429
221,310,3.0980261187135114,171,260,329,240
404,327,2.1848373087502977,273,433,253,179
417,210,1.3254277037648476,350,378,165,137
254,356,2.91650418151426,209,314,304,199
468,115,-0.43192821654720703,90,196,460,72
234,352,-3.0455777508021886,185,303,317,199
347,290,0.5439990657493007,237,304,347,280
456,492,2.0579869990786297,66,459,201,106
293,424,1.5266179052552973,126,243,374,257
368,407,1.337030370333311,147,327,367,187
207,456,2.1777060830445,114,191,494,165
200,220,-0.36926344878250417,375,354,161,182
157,278,-2.5959224222109594,125,267,460,206
492,224,-2.0074467529082525,192,64,137,488
114,135,0.8629921139943778,546,84,98,131
166,422,0.7981551068662537,179,162,166,533
361,464,2.5878710205792714,164,487,222,101
410,224,2.237300255701927,415,281,221,178
400,375,1.4428593489189245,176,353,328,151
288,429,-1.6302209704198571,380,262,121,238
495,208,0.5949891233310952,66,413,282,98
430,255,-0.11988289258529869,121,297,383,206
192,344,-1.4285130745712253,297,362,208,143
362,492,2.730943991562998,145,482,205,63
217,452,0.9517904230079822,120,169,288,409
334,258,2.038650774281677,327,318,233,242
317,407,-1.502472550976176,358,234,143,268
450,177,2.6216228822152208,461,146,115,201
418,215,3.024651634081012,371,166,133,337
148,261,-0.0755886711923485,403,290,98,212
154,129,-1.1602412410595673,86,432,261,113
499,229,-1.69687367924359,180,51,324,453
318,244,-0.2388752396824069,239,315,276,200
275,437,2.0971228172926923,131,260,448,225
299,142,-0.44465398182631816,214,452,276,102
465,374,1.3902295063232044,179,422,329,86
356,126,-2.1375088165077853,90,142,361,363
297,347,-2.004941527807691,327,279,224,272
411,292,0.3664979423934818,149,276,387,259
213,427,0.9332378177267338,153,203,274,419
286,411,-2.1630456633603763,423,318,168,249
496,139,-0.7897685348201002,77,76,579,126
190,357,-2.4552643722167944,181,397,305,221
420,165,-2.1249829521746917,135,153,247,435
246,413,0.4356406226921243,325,151,216,400
305,153,1.5210647821405057,397,255,103,245
155,424,-1.7193997198309137,378,399,127,106
253,167,-2.6215875528512522,234,135,342,409
460,157,2.7633772853922327,441,115,97,244
464,162,-2.0551831009372985,127,97,185,468
209,470,-1.252918902063188,442,256,84,167
488,277,-2.175754463554971,276,75,109,480
214,362,1.1755293642888494,204,178,338,364
423,204,-0.8918349674692888,198,163,445,245
128,177,0.5950050064298573,510,139,94,153
119,192,-3.0681695435940064,69,142,432,359
461,490,1.1230619238218316,67,139,488,99
422,181,1.9427458197209784,396,360,141,137
458,465,-2.2028217426053875,514,114,105,144
235,215,0.7895053708631193,447,261,232,234
418,423,-0.7974879813942223,189,182,177,514
339,192,2.623154751413986,333,163,243,412
243,338,1.800238654733555,218,198,296,315
206,211,-2.4642257680712203,200,207,441,249
451,453,-0.48382146226729483,112,110,209,455
257,316,-0.3924473599715835,317,253,224,288
128,270,1.4583535636558143,282,78,221,425
220,289,-0.279850322965465,343,272,177,249
105,392,-0.5579540012305243,525,186,65,104
400,399,3.023230908390867,352,351,151,152
202,276,0.42662171155978756,382,301,167,248
234,398,0.36865832746669225,339,163,197,373
182,490,0.684328488168612,95,77,170,568
203,478,0.13496493502264742,350,73,154,432
285,135,0.39439148227914445,287,450,221,92
279,187,-0.6627716550483894,223,440,291,174
179,369,-0.9221708316037754,400,300,214,162
145,113,-0.2748839349146694,232,454,99,65
380,339,-2.912922447275936,339,297,175,217
475,463,-0.34030829378802346,80,92,261,438
272,252,1.7882847671216662,305,227,207,285
391,175,-1.2382233210702798,132,168,397,361
108,213,-2.5866580116126556,68,192,520,110
313,219,-0.9587254825733155,206,290,404,294
203,319,-1.072376765476527,306,395,263,174
219,355,-1.0861399861454304,345,374,220,191
286,330,-2.1158140791553697,327,309,257,276
290,390,0.9171556150934542,202,263,395,328
227,336,-2.8007514917986653,188,303,343,227
374,229,-2.3549281760673524,253,249,249,455
337,106,1.927729699591511,474,160,60,227
480,408,1.4600048948362756,143,433,360,70
456,409,1.372550921901892,144,414,366,96
403,340,2.24229206683422,268,451,236,188
250,396,0.6133273820421343,268,188,245,423
477,229,-2.268119131014612,234,95,114,500
211,112,2.438799483215617,211,81,96,524
120,305,-1.8771476885650764,232,451,257,73
231,166,-2.555534607247861,210,139,383,327
412,493,-0.5428366151023138,161,67,110,517
434,135,-2.2681668034944305,111,132,181,501
431,495,-1.7627940892810305,453,121,56,288
136,249,3.0693111728100075,86,200,415,302
181,451,-0.18943031369098287,376,101,133,408
261,123,-2.9564977456297616,215,74,294,434
463,306,2.021303150202512,271,459,200,97
228,143,-0.3114389579979425,303,428,187,98
354,307,-0.0523298376510532,196,243,304,257
470,158,-0.9395552326423389,134,99,486,183
294,230,-2.508209988920082,303,223,318,397
475,354,0.5867381524765479,90,235,510,135
394,422,-2.6880413509835535,383,356,174,142
398,387,-0.44017659713188795,168,180,383,373
351,209,2.1862003570864212,418,275,195,244
369,143,-0.849547730995098,124,241,483,141
136,190,0.25382120160669247,428,342,89,145
187,300,-1.8170015607141814,258,374,258,141
253,500,-0.8877412421475211,471,79,64,262
169,410,0.19409072023671917,388,143,121,367
209,151,-1.7728285910725767,103,348,407,162
484,370,3.013579915627773,438,323,67,181
260,449,-2.1666838599644125,374,350,122,180
258,324,2.702162227415845,230,303,323,250
427,482,-2.51484516623351,465,210,116,84
261,443,-2.6298890509330755,242,451,219,123
100,142,-2.641877450690113,57,105,513,104
241,345,1.192578011602449,221,206,317,332
240,372,-1.1232115182811095,357,344,197,211
150,290,-2.6129637550458122,116,278,463,198
139,107,-0.30429681510449397,190,464,93,60
319,270,1.6612550796971775,281,270,221,232
450,257,-0.738545917266271,135,149,435,280
352,222,0.01721516574772331,198,328,302,172
363,160,-2.8965887522684852,323,113,193,402
224,389,1.9182673637408711,171,185,361,347
235,382,1.1812999176352943,182,200,359,341
362,154,-0.5488343911279242,199,360,366,122
425,250,2.4376212451967763,463,262,164,193
105,250,1.3439282341223489,308,56,205,457
363,107,0.6329799770143825,232,529,96,71
349,272,2.464984011699743,383,285,258,321
333,227,-2.6544998630985135,320,200,246,366
304,469,1.896928888202793,86,268,442,253
280,316,2.46589265813656,295,341,346,300
447,198,-2.0012062918567195,163,113,247,437
435,367,-2.729659542477429,420,287,125,200
242,207,-2.3338999503739046,217,227,446,266
262,305,-2.686605012102451,236,284,321,273
473,218,-2.198452981332993,208,95,131,523
302,485,-0.3832797217541771,267,70,174,469
185,289,1.6227043900693972,261,135,239,365
151,478,2.674191446224736,113,224,447,81
359,163,0.008390486163521081,191,387,309,113
172,421,0.3113938394945733,397,136,128,390
401,141,2.084345967871567,470,185,104,171
407,333,1.403625519728765,220,362,287,145
339,338,3.056412239263945,290,289,212,213
335,381,0.8618745389520921,223,260,436,283
145,197,-2.8619549941519327,99,153,421,344
208,380,-0.1184385412561718,344,171,159,332
174,162,-0.5049513860939184,232,443,142,128
136,168,1.9350116730679563,241,92,126,443
392,329,2.117282012605138,259,400,304,185
459,208,0.8090854435482634,132,496,218,126
220,259,-0.2140967191991919,338,298,174,214
483,443,-1.936019234202185,421,72,115,300
463,116,-2.4971894720263497,110,83,109,543
445,127,1.6849165162054018,426,398,78,106
411,425,-0.3304161635223509,147,132,382,396
289,294,-3.094443495468019,239,244,261,256
370,310,2.307511623213824,324,387,268,243
299,187,1.3865344128434531,369,253,139,255
273,350,1.0791421429386523,227,253,340,314
497,294,2.5127155584822516,435,302,66,90
344,175,1.6352569210320191,376,295,125,206
201,242,1.3975036395951086,313,153,195,354
287,491,-0.26215135645442167,272,61,228,457
378,200,0.7844221275625992,243,464,212,212
250,205,-2.9219247767003464,205,159,307,353
490,404,-0.18261962588043032,61,148,447,360
339,365,-1.8475998899766308,327,219,192,300
497,428,-0.10301566455110299,53,123,449,380
443,462,1.5038804076567447,88,394,413,107
231,398,2.9944455324546873,183,352,322,154
391,136,-0.8178007940550911,118,218,499,126
257,243,0.06810816385918993,294,308,207,193
400,389,0.5101014124340166,172,184,401,307
404,125,-2.467628538051354,120,96,187,544
357,279,-1.4194657971762163,232,195,274,311
294,470,2.5018906156218197,134,409,319,100
447,240,0.2927055269043004,108,324,415,198
474,386,1.6904396742610217,165,427,338,77
438,308,-1.1199343197954523,257,124,269,431
486,114,0.8811509408543805,101,565,83,83
449,424,-1.8637340933076452,391,105,132,417
308,149,-1.6422280022907418,99,243,402,259
339,169,0.33379769647500745,223,403,306,126
254,375,-3.072915769708937,204,326,297,175
100,183,-1.7336392500058184,135,456,372,51
187,293,1.676237124840521,258,138,244,365
166,202,-1.312658499837427,157,397,360,120
430,189,1.091470060894454,260,428,157,135
281,134,-0.09177611925706737,270,418,232,84
313,489,1.3493667699566367,63,270,450,243
460,457,-1.1044083674759677,200,101,104,459
172,401,2.9316976114102418,125,359,386,152
485,456,0.8301812446831625,96,139,550,88
488,222,-1.9927837111480486,189,68,151,480
302,194,0.5383728364365804,289,415,281,168
419,212,-0.4980933450611582,149,274,420,184
138,441,-2.637561927497962,100,447,226,124
254,285,-0.29264533908739254,309,277,213,245
156,335,1.9555070117235198,232,114,307,425
411,244,0.6451988354359828,174,383,323,231
214,165,-1.4419835102234377,116,339,388,165
399,380,0.4375428000631046,167,188,385,356
195,468,-0.29858480065856857,371,86,152,437
198,312,2.77744984786467,158,280,377,255
382,447,0.7487551643856681,151,141,453,247
425,365,1.2999256740839449,192,389,327,130
133,148,0.3425316473831379,443,247,88,104
483,282,2.2185628721607302,336,384,111,84
473,433,0.3141052701371184,81,123,445,249
370,483,3.0393856753101254,322,435,181,67
420,476,1.1581877283600437,81,185,465,142
376,385,2.081437449117358,189,374,356,199
185,412,2.9964809128699414,136,366,369,139
365,491,2.49927790411823,98,526,231,74
405,299,2.9559730787078564,361,253,148,255
377,296,-2.681499970912834,365,275,193,283
379,175,-2.5376085118612584,220,152,208,456
208,458,-2.7339244996771095,172,444,232,100
192,246,-1.2573598205089467,206,376,320,149
221,184,2.477258615890593,217,170,217,465
458,281,-0.2537759785078287,95,278,422,239
296,375,0.5894016796860575,306,211,296,391
107,215,1.081366401016343,380,65,121,351
143,210,2.188898733441717,160,114,196,499
450,407,1.7410216985149385,145,406,362,101
447,225,-2.0103215846006837,193,114,242,439
329,436,-1.075179029067461,439,240,130,317
236,441,2.244413197443222,139,238,500,175
224,419,2.336163863240768,182,241,471,189
364,474,-0.7623159994513025,257,105,110,455
370,218,2.0161827558780496,368,355,186,199
494,101,-1.4738259896518286,51,56,451,446
221,436,0.7731863984751614,163,159,239,471
138,471,2.6992303221212453,97,206,456,87
310,286,0.32257284788453316,253,278,274,249
363,448,-1.2189094129578466,424,199,109,333
271,311,-2.8309035172905896,232,274,293,251
425,164,-2.7515218759512967,300,123,135,417
363,439,2.5079954706458363,187,483,232,138
166,155,-2.6303001648544493,133,120,440,237
319,366,-2.283882141359131,411,305,243,281
366,158,-3.097130320350341,316,108,184,392
186,268,2.113246017421089,263,159,255,425
241,329,-2.1434221468867167,332,368,263,227
154,255,1.8176454234931492,304,107,211,408
330,405,2.4288724288023706,222,428,291,192
449,256,0.304237384965462,106,308,418,216
138,269,1.397097814554748,285,89,222,418
309,161,3.018510525974559,261,112,243,392
295,481,-0.49461777210656044,290,78,145,490
438,378,2.6325120777778483,353,376,128,197
228,319,1.7992812924855717,237,183,276,331
370,356,-1.444341141891936,308,181,196,323
148,197,-1.5004783308156966,147,403,354,98
429,205,1.4272460353010639,349,383,157,122
435,385,2.70485673481785,390,370,127,182
368,257,-1.445761806756939,209,183,295,321
192,492,1.1809548902718163,63,153,374,387
342,499,-1.2526599420581745,473,163,54,307
179,249,1.45693786195297,303,130,200,373
238,151,-2.8884450009014095,194,104,322,412
228,433,-2.904100626645304,183,394,331,120
376,431,0.8673306885406795,156,184,500,228
467,258,-1.135675258866432,197,92,322,460
484,460,2.0741032523522773,103,495,137,75
381,441,2.611849360230979,216,453,196,126
453,284,-0.8374906965360656,145,131,358,350
356,272,3.035525485148457,308,223,195,280
299,400,1.5176539844871528,150,249,350,251
320,117,1.4548219731371101,436,272,67,232
273,394,1.5365779386385017,156,223,344,277
324,308,2.604827158774064,319,300,263,282
102,373,2.572704433772085,62,97,532,210
429,343,0.5320034151765153,140,240,440,239
209,220,0.3166872100556808,359,347,167,179
483,460,0.7695700945019802,93,125,589,96
312,280,-1.9086291321766677,244,252,286,278
308,410,-0.49377493925876864,275,159,293,409
278,328,-2.249406236710612,357,349,285,293
417,248,3.1015175609066263,367,198,133,302
197,270,0.49649276376119356,401,309,167,250
451,147,2.2715388619702503,527,150,127,130
239,166,2.8308166356446853,199,122,327,403
366,440,-0.5809791147356677,220,132,200,467
242,354,-1.507376071847718,305,309,196,192
296,404,3.0288314961041314,248,356,256,147
172,280,-0.44955999968477856,420,300,135,255
170,364,1.3232323253269145,192,124,324,392
492,324,-3.0934160495009184,443,274,58,226
475,448,-1.583926268331063,398,75,102,425
419,247,-1.3923015928442921,200,133,308,375
470,258,2.863324256988273,437,216,83,291
281,177,1.3435360270689474,383,237,130,276
364,392,2.7009904981969792,347,378,206,175
301,221,-1.7857575845665046,175,255,337,257
349,378,2.6336210537116482,342,375,230,197
162,377,-3.0861496914891804,112,328,389,173
439,316,-1.018491328084132,212,130,275,457
430,301,-2.1164200297762976,294,140,231,445
162,346,0.7976560107177837,285,156,160,424
309,121,2.2644980231356024,405,111,92,313
288,475,-1.9747418057878303,462,285,82,191
277,333,2.960276845340279,231,288,278,221
263,451,-1.6531623297343163,402,288,99,214
294,494,-1.4491893788903467,447,258,56,246
430,216,-0.3516657504171402,128,348,405,177
494,116,-2.8771881286063,253,68,58,450
491,182,0.35132765570483593,63,392,384,141
304,158,1.8831619832418143,412,267,113,259
115,200,2.5792006406210195,77,122,281,414
308,204,0.16720583616903517,245,351,262,156
156,353,0.06429621225748254,395,197,106,304
468,168,0.20666398551863027,84,390,427,121
148,222,2.064230156537298,207,111,195,456
326,273,-0.2805099583643476,233,288,287,232
305,185,-0.4591623752271876,273,407,284,151
149,136,1.0579299951055523,475,114,99,175
361,332,0.8559530350701501,288,333,373,250
236,161,0.15029701236848952,318,393,188,112
217,237,2.907624109105388,172,192,342,322
211,289,1.239608266303579,276,170,253,358
438,442,-2.174011310748334,476,136,131,190
144,281,-2.059545677069743,200,460,305,106
440,131,2.9791684142845596,395,82,111,425
331,366,2.7111014449967428,309,348,241,202
240,451,1.9837381108410554,108,207,438,247
153,387,-3.0677727302755433,103,338,398,163
451,163,2.3981358727563618,545,154,134,146
386,390,-0.5680128459686649,195,190,297,403
341,166,-2.2064660870195896,144,195,352,362
168,225,-2.4667505945011268,151,224,489,189
256,317,-0.260862591395957,304,241,213,276
140,416,1.3378892862564828,138,92,376,421
233,394,2.803572514075118,194,365,336,165
304,367,-0.04236909911646593,246,183,254,317
249,276,2.9679350448323616,202,229,306,278
382,105,-2.0294217985729226,61,124,379,370
400,292,1.3599257156735778,264,358,247,153
345,144,-0.02137667235900332,205,406,295,94
437,453,2.2670103404921775,126,504,176,147
172,370,-1.9765826713341006,309,411,196,133
395,161,0.6974950236228533,202,508,173,145
104,285,1.4973154372214306,266,54,236,447
379,104,1.2623561941294097,468,345,57,178
437,171,2.5673381538827362,461,144,135,208
423,471,1.7847777124046167,81,382,431,130
383,219,2.8747077203669456,345,175,173,343
398,281,-0.48209607856255,172,304,393,261
144,317,-3.086743334999629,94,267,407,233
411,344,-0.25082055815428533,143,213,373,303
498,277,-1.0593643472807817,106,60,313,464
414,228,-1.192705531660237,192,146,346,392
158,129,2.2093955206025777,181,133,98,488
301,239,1.2658652980642648,326,263,198,261
184,296,0.3003450445413068,383,266,140,258
263,327,2.924264980119534,218,284,294,228
289,417,-2.359601759638047,337,370,189,187
470,453,-1.1664140648273713,203,87,106,457
124,269,2.7970128951188515,79,219,453,299
424,427,-1.5796023735072715,377,126,123,374
206,321,-0.001416265235036789,344,229,156,271
278,150,2.5496222360442404,275,121,179,482
430,417,-2.336862044350309,509,167,173,192
100,287,-2.152380382418588,91,431,315,60
169,463,0.06045270336038732,382,87,119,414
201,451,-0.4865860903099133,395,112,171,323
431,223,2.4723439730785066,486,221,152,192
157,250,-2.0526183620563097,226,432,339,121
417,373,-2.944446637731215,374,329,136,180
486,216,-0.6252881868276723,79,109,538,205
279,291,-1.1758637737368327,261,294,281,248
360,214,2.7247795355027047,339,179,208,367
184,171,1.690574128132707,382,135,122,369
204,221,-0.7926365078924087,240,469,219,216
178,430,-0.9747329602507054,459,214,145,155
182,485,2.6152351642009,129,263,426,75
478,324,-0.38546675819164006,78,191,462,296
408,344,0.6154920329556507,174,252,438,246
242,175,-1.8947972213413402,132,325,396,203
267,494,1.1381389222947595,62,134,489,312
279,431,1.5554391138983268,119,229,381,271
221,380,-2.4213827611598284,227,439,258,226
454,421,-0.9948926470972344,176,114,154,482
495,161,1.0142125445371808,104,524,131,65
346,315,2.509834913427492,367,328,253,291
264,241,2.3931561125209666,292,261,281,420
412,302,2.7192341211419064,397,276,151,272
423,308,-1.6506606898981717,259,127,243,374
279,205,1.8757249970444574,362,240,162,284
151,378,2.8222430888892625,106,322,420,181
450,259,-0.3615757076963665,107,283,428,223
182,427,-2.9660991438687745,134,383,374,125
361,390,-1.003235157778177,352,224,190,369
269,456,-1.9584230243920948,439,304,102,237
185,440,-0.0018144454371378973,365,110,135,390
194,426,2.510248136500966,178,244,441,154
228,196,-2.4721900692958325,227,186,411,287
474,382,1.3184353862703535,173,438,343,78
114,155,1.6496142474338127,396,64,105,437
381,328,1.4566049737049154,223,333,280,170
451,273,-2.651288929086952,455,210,112,314
316,104,0.9421251638675722,398,329,67,92
357,418,-1.7493865793139902,374,196,134,312
253,166,-2.6702213632061333,228,130,333,431
195,156,0.6093704347226874,433,253,177,129
238,395,0.6285847337305238,264,192,232,427
286,484,-0.6156263585127528,323,81,114,409
498,409,-0.48488185234981496,59,112,303,406
475,459,-0.8205442043458937,110,103,124,581
307,108,-0.7458990368338156,85,358,350,79
463,183,-1.1692130968524113,144,95,399,340
350,391,-2.317226235374024,442,272,217,234
307,246,-2.179633189570955,239,296,371,313
330,212,2.861589951353056,291,169,229,352
174,301,2.086142308171521,252,143,288,432
350,130,-2.6272600541913564,163,92,230,482
453,132,2.5204697149360076,496,101,119,167
211,424,0.6666778469408245,204,160,205,476
245,307,2.203414299085182,301,242,319,378
427,489,-0.9303465698661445,206,102,76,470
333,326,-2.095363330729874,319,251,259,327
374,366,-0.11924134277634466,177,185,326,318
102,119,2.1589226468982474,94,63,83,538
281,345,-2.1856115604210444,361,329,251,283
444,253,1.191802505040592,286,424,219,114
119,331,-1.5886423468246351,281,431,219,69
441,387,0.7782064882043715,153,229,480,155
177,352,-0.5161263861141988,429,228,146,257
374,160,-0.7907704091856934,155,248,461,156
225,424,0.542354073164277,244,147,204,437
224,459,-0.7137429223011479,431,120,139,266
393,331,-1.9274642361607643,300,168,234,366
160,159,-2.412464040420424,148,146,523,165
340,316,-1.7071784441857734,268,212,236,293
480,469,-0.6008059930423377,85,98,143,508
302,149,-1.0176010797354298,116,291,471,188
450,294,1.3335116463234136,263,412,251,103
265,272,-1.2243823952980188,236,303,296,229
286,290,-3.0343293563744016,237,241,266,262
336,302,2.1604115847777225,298,344,303,257
277,400,-3.1057181470450916,227,350,273,150
262,295,1.0822145470096192,289,240,277,326
108,115,1.2583394935981271,457,61,68,211
460,383,1.467924483884626,168,412,335,90
106,244,0.44589898200091105,492,130,62,215
294,384,-0.6997215510287795,335,217,258,379
170,170,-0.40701391727591957,303,414,131,131
151,307,0.7441680419103284,359,149,137,349
433,246,-0.9450120550476482,200,144,375,335
171,188,2.3406036708466034,174,169,192,520
101,363,-2.49921205170691,64,391,312,85
366,118,0.8189378561024265,269,433,93,100
351,263,0.8043808049744396,287,414,296,276
254,280,3.109266133680734,204,230,296,270
161,498,1.0812622706925918,59,111,236,441
273,475,0.5822923262145876,136,90,267,504
499,397,1.6743426842778644,154,451,349,51
451,479,-2.6738505609076584,449,220,111,80
211,117,-2.6175152131403125,134,77,392,322
129,322,-1.1741063537099818,295,456,204,86
158,294,1.6585635962724428,257,108,245,394
299,457,-2.547997083783769,300,449,166,112
264,111,-0.45581791215969036,139,489,238,68
295,291,-0.01637204005228682,255,259,245,241
271,197,-2.730191874977594,241,160,304,385
249,487,-0.7026707604044499,394,83,97,308
207,495,-0.48210703960727924,387,62,119,339
282,297,-3.0768265164131785,232,248,269,254
290,359,3.0740684823078013,241,310,261,191
204,456,1.420339086815699,95,156,411,350
456,203,2.061305076171953,393,325,173,107
265,350,0.36783670777886834,305,214,230,322
155,356,1.8483619784567735,202,109,318,411
282,204,1.0552028770792619,398,267,177,308
487,454,1.1950830825395644,103,262,434,68
429,468,0.14798915947206082,122,83,383,423
492,164,-2.284805327101416,151,77,89,585
314,134,1.7482965912730577,423,268,85,240
319,269,-2.6658832993609405,303,246,260,316
138,198,-1.731373725509543,150,417,357,89
268,160,-0.4910017185568566,233,442,247,125
221,389,1.84676503285522,167,178,352,342
